CODVIA,NOMVIA,NUMERO,NOM_ACTIVITAT,TIPUS,CATEGORIA,LAT,LNG,WEBSITE,TELEFON,HORARI,FONT
"765","c. del Portal de la Floresta","25","Farmacia Planas-Codinach","pharmacy","equipament","41.5760979","2.0862118","","+34937167574","Mo-Sa 09:00-13:30,16:30-20:30","OSM"
"469","c. de Viladomat","201","Repsol","fuel","equipament","41.538","2.098306","","","Mo-Su 06:00-22:00","OSM"
"1348","c. de Domènech i Montaner","96","Repsol","fuel","equipament","41.530222","2.103361","","","Mo-Su 06:00-22:00","OSM"
"1348","c. de Domènech i Montaner","46","Galp","fuel","equipament","41.535083","2.104222","","","24/7","OSM"
"542","ctra. de Terrassa","216","Repsol","fuel","equipament","41.546111","2.094722","","","Mo-Su 06:00-22:00","OSM"
"965","av. de Matadepera","247","Repsol","fuel","equipament","41.572389","2.080417","","","Mo-Su 05:00-01:00","OSM"
"690","c. de Rocafort","123","Shell","fuel","equipament","41.533333","2.100194","","","Mo-Su 06:00-22:00","OSM"
"1410","av. de la Concòrdia","1","Avia","fuel","equipament","41.5588775","2.0964844","","","24/7","OSM"
"927","ctra. de Molins de Rei","","Moeve","fuel","equipament","41.538944","2.099472","","","24/7","OSM"
"1085","c. de Juvenal","12","Farmàcia Herrero Torres, Ignacio","pharmacy","equipament","41.5552276","2.0850427","","+34937160827","","OSM"
"1410","av. de la Concòrdia","48","Farmàcia Cruset Garrell, Núria","pharmacy","equipament","41.5601246","2.0951319","","+34937230794","","OSM"
"1025","c. de la Lusitània","2","Farmàcia Colomina Brusau, M. Rosa","pharmacy","equipament","41.5581798","2.095087","","+34937162335","","OSM"
"1388","c. de Covadonga","310","Farmàcia Tres Creus","pharmacy","equipament","41.5463688","2.1171732","","+34937258185","Mo,Sa 09:00-14:30,16:30-20:30","OSM"
"1317","c. de l' Escola Industrial","6-8","Masclans Cistelleria","gift","comerç","41.5478071","2.1064844","","","","OSM"
"774","c. de Plini el Vell","1-5","","pharmacy","equipament","41.5581711","2.0858445","","+34937165497","Mo-Fr 09:00-13:30,16:30-20:30","OSM"
"1410","av. de la Concòrdia","","BBVA","bank","equipament","41.560894","2.093233","","","","OSM"
"452","rda. de Zamenhof","","Supercor","convenience","comerç","41.5517009","2.1046494","","","","OSM"
"662","c. de les Salenques","7","Mobiprix Mobles Sabadell","yes","comerç","41.5671207","2.0881589","https://www.mobiprix.com","+34 902104168","","OSM"
"1500","c. de Candanchú","31","Farmàcia de Cáceres Botello, José Ignacio","pharmacy","equipament","41.572842","2.0892669","","+34937163171","","OSM"
"467","c. de Vilarrúbias","114","Snooker","bar","equipament","41.5532739","2.1110546","","","","OSM"
"1523","c. de Budapest","61","Telepizza","fast_food","equipament","41.5619345","2.0870057","","+34 937278777","","OSM"
"1296","av. d' Estrasburg","","Domino's","fast_food","equipament","41.5619055","2.0837342","","","","OSM"
"1623","c. d' Aribau","","Caixabank","bank","equipament","41.5290909","2.1101194","https://www.caixabank.es","","","OSM"
"1623","c. d' Aribau","","Dia","supermarket","comerç","41.5292456","2.110055","","","","OSM"
"1623","c. d' Aribau","","Bar Los Martinez","bar","equipament","41.528591","2.1103822","","","","OSM"
"1623","c. d' Aribau","","BBVA","bank","equipament","41.5294202","2.1099584","","","","OSM"
"1421","pg. del Comerç","92","Lidl","supermarket","comerç","41.5298363","2.1092175","","","","OSM"
"1071","c. de Leonardo da Vinci","","","vacant","comerç","41.5237833","2.1105362","","","","OSM"
"1105","c. de Josep Comas","131","Mercadona","supermarket","comerç","41.5240613","2.1105387","https://www.mercadona.es","","09:15-21:00","OSM"
"993","c. de la Mare de les Aigües","","Rincón Chalaco","restaurant","equipament","41.5602654","2.0915165","","","","OSM"
"1505","c. de Campoamor","40","Farmàcia Bernardo Bech, Roser","medical_supply","comerç","41.52821","2.1092673","","+34937104342","","OSM"
"1587","ctra. de Barcelona","19-21","Vèrtic","sports","comerç","41.5429022","2.1036736","http://ca.verticoutdoor.com/vertic-sabadell/","+34 93 745 03 69","","OSM"
"1675","c. d' Alemanya","29","La Pastisseria","bakery","comerç","41.5423161","2.1097932","http://www.pastisserialeptitparis.com/","+34 937 20 41 33","","OSM"
"1184","c. de Gràcia","","Santamasa","restaurant","equipament","41.5470504","2.1077669","","","","OSM"
"1007","pg. de Manresa","","Urbasa","restaurant","equipament","41.5485938","2.1082647","","","","OSM"
"1313","c. de l' Església","3","Restaurant Racó del Campanar","restaurant","equipament","41.5471878","2.1082329","https://www.racodelcampanar.com/","+34 655370470","Mo 13:00-16:00; Tu-Th 10:00-16:00; Fr-Su 10:00-20:00","OSM"
"1296","av. d' Estrasburg","2","Trek","bicycle","comerç","41.5623146","2.0868982","https://www.bicisprint.com/","+34 937 16 68 50","Mo 17:00-21:00; Tu-Fr 09:00-13:00,17:00-21:00; Sa 09:00-13:00","OSM"
"1233","av. de Francesc Macià","34","Jutjats de Sabadell","courthouse","equipament","41.5524894","2.0985345","","","","OSM"
"780","pg. de la Plaça Major","37","El Llit Bar","bar","equipament","41.5476592","2.1084356","https://www.llitbar.cat/","+34 937 128 832","Mo-Fr 16:00-00:00; Sa-Su 11:00-00:00","OSM"
"627","c. de Sant Francesc","15","Impaktes Visuals","gift","comerç","41.5510524","2.107647","https://impaktesvisuals.com/","+34 937 26 24 99","Tu-Sa 11:00-15:30,17:00-20:30","OSM"
"1604","via Aurèlia","2","Tintoreria World Ecologic Sec","laundry","comerç","41.5552272","2.0952705","","+34 937 17 97 25","Mo-Fr 09:00-13:30,16:30-20:30; Sa 09:30-13:30","OSM"
"1142","c. de Jaume I","6-B","Ciclo sport Jaime I","bicycle","comerç","41.5578957","2.0949013","http://ciclosjaumeprimero.blogspot.com.es","+34 937 16 09 15","Mo-Fr 10:00-13:30,17:00-20:00; Sa 10:00-13:30","OSM"
"756","ctra. de Prats de Lluçanès","150","Catalana Occidente Sabadell","insurance","oficina","41.5583004","2.1018441","https://www.seguroscatalanaoccidente.com/","+34 935469085","","OSM"
"1587","ctra. de Barcelona","446","Arrahona","hotel","turisme","41.5315646","2.114306","","","","OSM"
"638","c. de Sant Antoni","13","Museu d'Història de Sabadell","museum","turisme","41.548137","2.1077978","","","","OSM"
"1458","c. de Castellar del Vallès","222","C.A.P. Creu Alta","clinic","equipament","41.5605371","2.1003567","","","","OSM"
"841","c. del Papa Pius XI","116","Clínica accidentes de tráfico, Sabadell","clinic","equipament","41.5535059","2.1027843","","","","OSM"
"1184","c. de Gràcia","78 bis","Clínica Radiografía","clinic","equipament","41.5490955","2.105812","","","","OSM"
"780","pg. de la Plaça Major","48","Abant Joiers","jewelry","comerç","41.5477928","2.1089337","","","Mo-Su 09:45-13:30,17:00-20:30","OSM"
"1512","c. de Calderón","169","Bar Restaurant Olimpic","bar","equipament","41.5461936","2.0999136","","","","OSM"
"1359","c. del Doctor Puig","4","La Sandvitxeria SBD","restaurant","equipament","41.5485421","2.1093996","https://www.lasandvitxeria.cat/","+34 937271398","Tu-Su 13:00-16:00; Tu-Su 20:00-23:30","OSM"
"1233","av. de Francesc Macià","46","McDonald's","fast_food","equipament","41.5534853","2.0982693","https://mcdonalds.es","+34 937239601","Mo-Fr 08:00-22:00; Sa,Su 00:00-01:00,08:00-22:00","OSM"
"1233","av. de Francesc Macià","46-50","Zara","clothes","comerç","41.5528269","2.0985119","https://www.zara.com","+34 937237374","","OSM"
"1233","av. de Francesc Macià","30","H&M","clothes","comerç","41.5521209","2.0983984","","+34 901120084","Mo-Fr 10:00-21:00; Sa 10:00-21:30","OSM"
"569","c. de Sol i Padrís","97","PCsWOW","computer","comerç","41.5366393","2.1194407","","","","OSM"
"657","c. de la Salut","53","Sabway","electronics","comerç","41.5505591","2.1097593","http://sabway.es","+34937250757","Mo-Fr 10:00-14:00, 17:00-20:00; Sa 11:00-14:00","OSM"
"767","rda. de Ponent","183","Fancy Disseny","toys","comerç","41.5491956","2.0982796","https://www.juguetesfancy.com/","+34 937275979","Mo-Sa 16:30-20:30","OSM"
"1584","c. de Batllevell","115","Policia Nacional","police","equipament","41.5573018","2.1078187","","","","OSM"
"1427","c. de Colom","36","Ferreteria Feu","hardware","comerç","41.5464719","2.1041761","","","","OSM"
"1456","pl. de Catalunya","1","Banco Sabadell","bank","equipament","41.5498118","2.0990316","","","","OSM"
"450","c. de Zurbano","3 baix-B","Centre Radiològic SBD","doctors","equipament","41.540815","2.1111115","http://www.crsbd.info","+34 937450324","Mo, We 08:30-13:00,15:30-19:00; Tu, Th 08:30-13:00,15:30-20:00; Fr 08:30-13:00,15:30-17:00","OSM"
"617","c. de Sant Joan","23-31","ARATOP BCN","company","oficina","41.5475945","2.1096939","http://www.aratopbcn.es","+34 646913446","","OSM"
"514","c. de la Unió","100","Casal d'Avis Plaça Vallès","social_facility","equipament","41.5460572","2.1028306","","","","OSM"
"1427","c. de Colom","53","Clinica Veterinaria del Centre","veterinary","equipament","41.5460807","2.1034639","","","Mo-Fr 10:00-20:30; Sa 10:00-13:30","OSM"
"496","pl. del Vallès","3","UEC Sabadell de la Fundació MAIN","school","equipament","41.5457524","2.1026529","https://www.fundaciomain.org/","+34 937 25 77 04","","OSM"
"1427","c. de Colom","46","Cal Blau Sabadell","supermarket","comerç","41.5463029","2.1037066","","","Mo-Fr 08:00-20:00; Sa 10:00-08:30","OSM"
"618","pl. de Sant Jaume","41","Bon Día","cafe","equipament","41.5462667","2.1039078","","","Mo-Sa 06:45-20:00","OSM"
"619","c. de Sant Jaume","27","Restaurant Rubión","restaurant","equipament","41.5462346","2.1044683","https://rubion.es/","+34 937 27 88 77","Tu-Su 13:00-17:00; Fr-Sa 19:30-23:00","OSM"
"965","av. de Matadepera","","Rico Kebab","fast_food","equipament","41.5632866","2.0906106","","","","OSM"
"965","av. de Matadepera","7","Farmàcia Relat Vidal, Jordi","pharmacy","equipament","41.5635881","2.0905697","","+34937161065","","OSM"
"1157","rbla. d' Ibèria","97","Iglesia Evangélica Centro Familiar Cristiano Sabadell","place_of_worship","equipament","41.5409948","2.0984155","","","","OSM"
"679","c. de la Rosa","22","Autoescola l'Asfalt","driving_school","equipament","41.5472344","2.1080363","https://lasfalt.com/","+34 937254892","Mo-Fr 10:00-13:00, 17:00-21:00","OSM"
"780","pg. de la Plaça Major","51-55","Natura","gift","comerç","41.5479919","2.1084656","https://www.naturaselection.com/","+34937278408","Mo-Sa 10:00-21:00","OSM"
"780","pg. de la Plaça Major","59","Heladería Italiana Olivier","ice_cream","equipament","41.5481833","2.1084148","","","","OSM"
"780","pg. de la Plaça Major","43","Nazar","restaurant","equipament","41.5477867","2.1084492","","+34938 32 76 54","","OSM"
"780","pg. de la Plaça Major","41","Lotería N. 1 de Sabadell","lottery","comerç","41.5477211","2.1084408","https://loteriasabadell1.com/","+34937256135","Mo-Fr 09:00-13:00,16:30-20:00; Sa 09:00-13:00","OSM"
"780","pg. de la Plaça Major","39","Helados i torrones Vda. Asensi","ice_cream","equipament","41.5476944","2.1084368","https://www.viudaasensi.com/","+34937261140","Mo-Su 10:00-13:30, 17:00-20:30","OSM"
"679","c. de la Rosa","2","1800 Botiga Dolça","confectionery","comerç","41.5474904","2.1083914","","+34 937258197","Mo-Sa 10:30-13:30, 17:30-21:00","OSM"
"679","c. de la Rosa","28","Sushi21","restaurant","equipament","41.5471595","2.1078983","https://www.sushi21.es/","+34931779353","Mo-Fr 12:00-15:45, 20:00-23:45; Sa 12:30-15:45, 19:45-00:00; Su 12:30-15:45, 20:00-23:45","OSM"
"679","c. de la Rosa","7","Blot","gift","comerç","41.5472752","2.1082405","","+34937105589","Mo-Sa 10:30-20:30","OSM"
"780","pg. de la Plaça Major","27","","tobacco","comerç","41.5473851","2.1085477","","","","OSM"
"780","pg. de la Plaça Major","21","Calzedonia","clothes","comerç","41.547354","2.1085619","https://es.calzedonia.com/","+34937277424","","OSM"
"780","pg. de la Plaça Major","9","Casas","shoes","comerç","41.5471408","2.1085376","https://www.casasclub.com/","+34 937 25 94 78","Mo-Fr 10:00-20:30; Sa 10:00-21:00","OSM"
"1184","c. de Gràcia","2","DepilStore","beauty","comerç","41.547234","2.107687","","+34 937 48 01 67","","OSM"
"979","c. del Marquès de Comillas","139","Ca l'Àngel","restaurant","equipament","41.5453195","2.1162312","","","","OSM"
"588","c. de Sau","","Plt. Cárnica","butcher","comerç","41.5493072","2.1274724","","","","OSM"
"452","rda. de Zamenhof","153","Dia","supermarket","comerç","41.55025","2.0994723","https://www.dia.es","","Mo-Sa 09:00-14:00, 17:00-21:00","OSM"
"452","rda. de Zamenhof","145","Farmàcia Pareja Cozcolluela, Josep Manel","pharmacy","equipament","41.5504459","2.1002161","http://www.farmaciapareja.com","+34 937265628","Sa,Su 09:00-22:00; Mo-Fr 08:00-22:00","OSM"
"452","rda. de Zamenhof","107-117","BonÀrea","supermarket","comerç","41.5508009","2.1017476","https://www.bonarea.es/","+34 937450737","Mo-Sa 09:00-20:45; Su 09:00-14:00","OSM"
"638","c. de Sant Antoni","20","La Llar del Llibre","books","comerç","41.5482098","2.1076778","http://www.llardellibre.cat","+34 927255959","Mo-Fr 09:00-14:00, 16:30-20:30; Sa 09:00-11:00, 12:00-14:00","OSM"
"598","c. de Sant Vicenç","80","Sorli Discau","supermarket","comerç","41.5517155","2.1012664","https://www.sorlidiscau.es","+34 937156612","Mo-Sa 09:00-21:00","OSM"
"638","c. de Sant Antoni","5","Cafés PONT","coffee","comerç","41.5483227","2.1080186","https://www.cafespont.com/tienda-st-antoni/","+34 937260546","Mo-Sa 08:00-14:00, 15:30-20:30","OSM"
"1005","c. de Manuel de Falla","16","Servicios de Ferretería VIPE","hardware","comerç","41.5485493","2.0897802","","+34 937451095","Mo-Fr 08:00-13:00, 15:00-19:00; Sa 09:00-13:30","OSM"
"938","c. de Miquel Àngel","15","Papeleria Cristina","stationery","comerç","41.5483509","2.0870243","","+34 937276793","Mo-Fr 07:30-13:30, 17:00-20:00; Sa 07:30-13:30; Su 08:30-13:30","OSM"
"1151","c. de la Indústria","34","Sorli Discau","supermarket","comerç","41.5473691","2.1134845","https://www.sorli.com","+34 935610360","Mo-Sa 08:45-20:45","OSM"
"1151","c. de la Indústria","30","","post_office","equipament","41.5472522","2.1122201","https://www.correos.es/","+34 902197197","Mo-Fr 08:30-20:30; Sa 09:30-13:00","OSM"
"617","c. de Sant Joan","35","Aliance Française de Sabadell","language_school","equipament","41.5475012","2.1098","https://www.afsabadell.org/","+34 937269644","Mo-Fr 10:00-13:00, 16:00-21:00; Sa 10:00-13:00","OSM"
"638","c. de Sant Antoni","27","Ho fem a Mida","furniture","comerç","41.5479815","2.1074228","https://www.hofemamida.com/","+34 930091870","Mo-Sa 09:30-13:30, 16:30-20:30","OSM"
"1165","c. de Gustavo Adolfo Bécquer","117","Charter","supermarket","comerç","41.5517716","2.0821353","https://www.consum.es/supermercados/sabadell-becquer/","+34 937 20 34 62","Mo-Sa 09:00-21:30","OSM"
"569","c. de Sol i Padrís","116","Farmàcia Capdevila Bassols, Anna M.","pharmacy","equipament","41.5353796","2.1194049","","+34937122574","","OSM"
"11816","pl. de l' Imperial","2","MR. UNDÉCIMO","restaurant","equipament","41.5409563","2.112175","https://mrundecimo.com/","+34936035928","mo-su 13:00-23:30","OSM"
"767","rda. de Ponent","172","Atelier Descans","furniture","comerç","41.5492238","2.0987259","https://atelierdescans.com/","+34 931 05 07 11","Tu-Sa 10:00-13:30; Tu-Fr 17:00-20:30; Mo 17:00-20:30","OSM"
"767","rda. de Ponent","1","Farmàcia Corominas Riqué, Cristina","pharmacy","equipament","41.5448666","2.0996551","","+34937269704","","OSM"
"659","c. de Sallarès i Pla","140","Farmàcia Garriga Majo, Marta","pharmacy","equipament","41.5424785","2.1139767","","+34937259757","","OSM"
"659","c. de Sallarès i Pla","4","Tesorería General de la Seguridad Social","government","oficina","41.5461163","2.1118579","","","","OSM"
"1370","raval de Dins","17","Consulta Dra. Imma Viñolas","doctors","equipament","41.5497711","2.1081885","https://www.draimmavinolas.com/","","Mo-Su 09:00-18:00","OSM"
"1538","c. de Borràs","8","Farmàcia Garrell Capdevila, Joan","pharmacy","equipament","41.5516125","2.1036518","","","PH,Mo-Su 09:00-22:00","OSM"
"714","c. dels Reis Catòlics","149","Mudanzas Guerrero","moving_company","oficina","41.5229937","2.1157063","https://mudanzasguerrero.es/","","Mo-Fr 09:00-19:00","OSM"
"1296","av. d' Estrasburg","74","Parrilla 380","restaurant","equipament","41.5616919","2.0840423","","","","OSM"
"1588","av. de Barberà","382","Casa Antonia","clothes","comerç","41.5306732","2.1166094","","+34 937102611","Mo-Sa 09:00-21:00","OSM"
"474","c. de Vidal","146","Servei d'informació i atenció a les dones (SIAD) de Sabadell","social_facility","equipament","41.55398","2.11259","","+34 937 246167","","OSM"
"474","c. de Vidal","146","SAI Sabadell (local)","social_facility","equipament","41.554097","2.1124621","","+34 937 246167; +34 937 246168","","OSM"
"1649","c. d' Àngel Guimerà","25","Farrés Junyent Assessors","lawyer","oficina","41.5446264","2.1082833","https://www.farresjunyent.es/","+34 937270523","Mo-Th 09:00-13:30, 16:00-19:00; Fr 09:00-14:00","OSM"
"756","ctra. de Prats de Lluçanès","84-89","Farmàcia Torres Costa, L. / Matarranz Torres, L.","pharmacy","equipament","41.5569889","2.1020879","","+34937161383","Mo-Fr 09:00-13:30,16:45-20:15+; PH,Su off; Sa 09:00-13:30,16:45-20:15; Sa off","OSM"
"1233","av. de Francesc Macià","38","Contenidos Click","company","oficina","41.552789","2.0984058","https://contenidosclick.es","+34 635012018","Mo-Fr 09:00-18:00","OSM"
"1233","av. de Francesc Macià","38","Contenidos Click","company","oficina","41.5528021","2.0983749","https://contenidosclick.es","+34 930129708","Mo-Fr 09:00-19:00","OSM"
"1329","c. d' Elcano","79","Isabdaretillo","hardware","comerç","41.5267896","2.1140717","","","Mo-Sa 09:00-13:00","OSM"
"1537","c. de Borrell","35","M & S Perruquers","hairdresser","comerç","41.5412461","2.1147164","","+34 937 275 762","","OSM"
"1537","c. de Borrell","86","Papanatas","bar","equipament","41.5411452","2.1150476","","+34 675490377","","OSM"
"985","c. de Marià Fortuny","10","CalaBoca","restaurant","equipament","41.548527","2.1090319","","+34 931937323","","OSM"
"1184","c. de Gràcia","16","El Grazia","restaurant","equipament","41.5474673","2.107521","","+34 937 25 43 63","","OSM"
"1256","c. d'en Font","2","Colón","bar","equipament","41.5469911","2.1055757","","+34 937 25 01 20","","OSM"
"491","c. de les Valls","10","Diari de Sabadell","newspaper","oficina","41.5490949","2.1078488","","","","OSM"
"9313","c. de Can Mimó","25","Serret Mobles a Mida, S.L.","joiner","taller","41.5407887","2.137614","https://www.serretmoblesamida.com/","+34 937 45 90 67","Mo-Fr 09:00-17:00","OSM"
"637","c. de Sant Antoni Maria Claret","15","Maximmus Pizzeria Napoletana","restaurant","equipament","41.5465271","2.1096379","https://www.maximmus.es","+34 683118819","We-Su 13:00-16:00,20:00-24:00","OSM"
"1445","c. de Cervantes","2","Centros H2O","beauty","comerç","41.5417794","2.1109701","https://www.centrosh2o.com/","+34610111694","Mo-Fr 10:00-21:00; Sa 10:00-14:00","OSM"
"1622","c. d' Arimon","51","Casa","guest_house","turisme","41.5507203","2.1133372","","+34 937279497","","OSM"
"1697","c. d' Àger","6","Mercadona","supermarket","comerç","41.5709492","2.0820138","","","","OSM"
"965","av. de Matadepera","","Caixabank","bank","equipament","41.5699127","2.0851788","https://www.caixabank.es","","","OSM"
"1429","rda. de Collsalarca","","Sorli Discau","supermarket","comerç","41.5700832","2.0855945","","","","OSM"
"1429","rda. de Collsalarca","","La Sirena","frozen_food","comerç","41.5702438","2.0859432","https://www.lasirena.es/","","","OSM"
"1543","c. de la Bonaigua","","Locutorio","mobile_phone","comerç","41.5689013","2.0875606","","","","OSM"
"1543","c. de la Bonaigua","","Fruitadona","greengrocer","comerç","41.5693026","2.0886388","","","","OSM"
"1543","c. de la Bonaigua","","Charter","supermarket","comerç","41.5694732","2.0888078","https://www.consum.es/supermercados/sabadell-bonaigua/","","","OSM"
"1466","c. del Carme","10","Farmàcia Bagan Tapioles, Montserrat","pharmacy","equipament","41.5487159","2.1113324","","+34937250303","","OSM"
"469","c. de Viladomat","20-24","Farmàcia Mujal Viñals, Assumpció","pharmacy","equipament","41.5400118","2.1049833","","+34937100543","","OSM"
"1588","av. de Barberà","226","Farmàcia Bofi Martinez, Patricia","pharmacy","equipament","41.5350045","2.114534","","+34938545286","","OSM"
"978","pl. de Marquilles","4","Farmàcia Pons Samaranch, Isabel","pharmacy","equipament","41.5460525","2.1056977","","+34937256745","PH,Mo-Su 09:00-22:00","OSM"
"1674","via Alexandra","37","Farmàcia Puig Camarero, Lluis","pharmacy","equipament","41.5550041","2.0875782","","","","OSM"
"507","c. de València","19","Farmàcia Martín Poveda, Ma. Dolores","pharmacy","equipament","41.5657766","2.0957131","","+34937166238","","OSM"
"1009","c. de Malta","70","Farmàcia Busquet Mitjà, M. Àngels","pharmacy","equipament","41.5470038","2.0836812","","+34937204911","","OSM"
"1587","ctra. de Barcelona","219","Farmàcia Montané Bombardó, Glòria","pharmacy","equipament","41.5386801","2.1077842","","+34937260539","","OSM"
"1609","pl. de Còrdova","14-15","Farmàcia Franco García, M. Pilar","pharmacy","equipament","41.5609502","2.0826251","","+34937465026","","OSM"
"560","c. de Tàcit","1","Farmàcia Borrás Urtubia, Teresa","pharmacy","equipament","41.5513339","2.0853661","","+34937161120","","OSM"
"470","c. de Vila Cinca","89","Farmàcia Escarra Caldes, Pere","pharmacy","equipament","41.5562216","2.1051443","","+34937162311","","OSM"
"1587","ctra. de Barcelona","74","Farmàcia Marcet Vicens, Jordi","pharmacy","equipament","41.541889","2.1043095","","+34937478020","","OSM"
"1524","c. de Brutau","187","Farmàcia Montserrat Marco, M. Antònia","pharmacy","equipament","41.5379091","2.1164587","","+34937103645","","OSM"
"770","av. de Polinyà","65","Farmàcia Borja Fernandez, Laia","pharmacy","equipament","41.5611258","2.12868","","+34937252920","","OSM"
"780","pg. de la Plaça Major","29","Farmàcia Anna Garriga Majó","pharmacy","equipament","41.5475242","2.1084229","","+34937255353","","OSM"
"1444","c. de Cèsar Torras","132","Farmàcia Blanchart Tintó, Meritxell","pharmacy","equipament","41.5408286","2.0959904","","+34937267104","","OSM"
"1260","c. Florit","28","Farmàcia Tous Geulen, Josep M.","pharmacy","equipament","41.56262","2.1034496","","+34937168458","","OSM"
"621","c. de Sant Isidor","80","Farmàcia Mora Palà, Mireia","pharmacy","equipament","41.5525699","2.0828473","","+34937163052","","OSM"
"641","rda. de Santa Maria","28 A","Farmàcia Esteban, M. Teresa - Lopera, M. Teresa","pharmacy","equipament","41.5318087","2.1212239","","+34937102295","","OSM"
"1590","c. de Balmes","83-85","Farmàcia Sala Alegre, E. - Roca Huergo, S.I.","pharmacy","equipament","41.5406821","2.1188733","","+34937270594","","OSM"
"1588","av. de Barberà","299","Farmàcia Fàbregas Martínez, Marta","pharmacy","equipament","41.5321623","2.1161845","","+34937101337","","OSM"
"1588","av. de Barberà","48","Farmàcia Rosell Gras, Maria","pharmacy","equipament","41.5382021","2.1129724","","+34937101343","","OSM"
"542","ctra. de Terrassa","316","Farmàcia Gadea Melo, Olga","pharmacy","equipament","41.5471264","2.0902055","","+34937262371","","OSM"
"839","av. dels Paraires","26","Farmàcia Grimalt Sancho, J - Vives Grimalt, MP","pharmacy","equipament","41.5550314","2.0938334","","+34937165113","","OSM"
"549","c. de Tenerife","52","Farmàcia Manent Margarit, Meritxell","pharmacy","equipament","41.5449011","2.0874707","","+34937264420","","OSM"
"631","c. de Sant Cugat","95","Farmàcia Merce Sora, Anabel","pharmacy","equipament","41.5441024","2.1036801","","+34937254325","","OSM"
"1427","c. de Colom","13","Farmàcia Crusafont Sabaté, Anna M.","pharmacy","equipament","41.5469636","2.1054543","","+34937250777","","OSM"
"542","ctra. de Terrassa","377","Farmàcia Carrera Graño, Rosa Maria","pharmacy","equipament","41.5481955","2.0853367","","+34937264449","","OSM"
"1065","c. de la Llanera","93","Farmàcia Bonet Ortiz, M. Teresa","pharmacy","equipament","41.5694743","2.0916567","","+34937167133","","OSM"
"714","c. dels Reis Catòlics","39","Farmàcia Ferrer San José, Carles","pharmacy","equipament","41.5262992","2.113672","","+34937104336","","OSM"
"1185","c. de Goya","62","Farmàcia González Carnicer, Eulàlia","pharmacy","equipament","41.5263769","2.1087704","","+34937105097","","OSM"
"1587","ctra. de Barcelona","558","Farmàcia Brustenga Fortuny, Marta","pharmacy","equipament","41.5278502","2.1179897","","+34937104435","","OSM"
"1417","c. del Comte Jofre","30","Can Capablanca","restaurant","equipament","41.5433567","2.1011793","https://restaurantcancapablanca.cat/","+34 937 26 81 46","Tu-Sa 17:00-01:00","OSM"
"1589","c. de Baltarga","5","Casa Paco","bar","equipament","41.5714384","2.0815997","","","","OSM"
"1233","av. de Francesc Macià","58","El Corte Inglés","department_store","comerç","41.5544915","2.0979942","","","Mo-Sa 09:30-22:00","OSM"
"1502","av. de Can Bordoll","55","Com-Cal","trade","comerç","41.5435529","2.1301502","https://com-cal.com/","","","OSM"
"1359","c. del Doctor Puig","5","Sabway","department_store","comerç","41.5486241","2.1092596","https://sabway.es/","+34930185635","Mo-Fr 10:00-14:00, 17:00-20:00; Sa 10:00-14:00","OSM"
"966","via de Massagué","62","Massagué 62 - La Piazza","restaurant","equipament","41.5514598","2.1068172","https://massague62.com/","+34937251687","Mo-Su 13:00-17:00; We-Sa 20:00-0:00","OSM"
"619","c. de Sant Jaume","8","Librerío de la Plata","books","comerç","41.5462874","2.1049149","https://libreriodelaplata.com/","","","OSM"
"1421","pg. del Comerç","116","Car Condal Sabadell","car_repair","comerç","41.5294232","2.1072049","https://www.carcondal.com","+34931598427","Mo-Fr 08:00-13:00,15:00-17:00","OSM"
"1184","c. de Gràcia","65","Ofame (pizza takeaway)","restaurant","equipament","41.5480976","2.106707","https://www.ofame.es/","+34 937 06 36 69","Mo-Su 12:30-15:30, 19:00-23:00","OSM"
"1184","c. de Gràcia","67","Gelarte","ice_cream","equipament","41.5481547","2.1066664","","+34 679 78 35 47","Mo-Th 16:30-22:00; Fr, Sa 17:00-00:00; Su 13:00-15:30, 17:00-22:00","OSM"
"1184","c. de Gràcia","49","UDON","restaurant","equipament","41.5476905","2.107081","https://order.udon.com/es/restaurants/sabadell/udon-sabadell","+34 937 45 16 69","Mo-Su 13:00-16:30, 20:00-23:00","OSM"
"53","Riu Ripoll","28","Qui t'ho fa? Camper (Camperització Furgonetes)","car_repair","comerç","41.5433357","2.1261512","http://www.quithofacamper.com/","+34 628 61 88 88","","OSM"
"601","pl. de Sant Roc","5","Carreras","bakery","comerç","41.5465149","2.1078733","http://carrerasfornpa.com/","","Mo-Sa 07:00-21:00","OSM"
"797","c. de Permanyer","65","Centre d'Atenció Primària de Gràcia","clinic","equipament","41.5400635","2.0999081","","+34 937466087","","OSM"
"757","c. de Prat de la Riba","91","Restaurant Cooper","restaurant","equipament","41.5500541","2.0928118","https://restaurantcooper.com/","+34 937265028","Mo-Su 13:00-16:00; Th-Sa 20:30-23:30","OSM"
"631","c. de Sant Cugat","8","La Teca Burger","restaurant","equipament","41.5459029","2.1055216","","+34 931 41 50 26","","OSM"
"601","pl. de Sant Roc","16","Beagle","cafe","equipament","41.5462631","2.1080005","","+34 931 41 50 26","Tu-Su 09:45-20:00","OSM"
"1201","pl. del Gas","3","La Tete","cafe","equipament","41.5457299","2.1061513","","","","OSM"
"528","c. de Torras i Bages","9","Cyclosim","bicycle","comerç","41.5457318","2.1048555","","+34 611 490 319","","OSM"
"1512","c. de Calderón","16","Re-Read Sabadell Low Cost","books","comerç","41.5483272","2.1068805","","+34 937 12 60 51","","OSM"
"528","c. de Torras i Bages","","Biopompas","cosmetics","comerç","41.5458543","2.104822","","+34 868 12 49 11","","OSM"
"792","c. de Pi i Margall","36","Reina Picara","erotic","comerç","41.5550604","2.1008727","https://reinapicara.com/es/","+34 93 717 16 14","Mo-Sa 10:00-20:30","OSM"
"528","c. de Torras i Bages","19","Vuket","florist","comerç","41.5459302","2.1047952","https://www.vuket.cat/","+34 665 98 01 71","","OSM"
"1142","c. de Jaume I","08","Enedos","veterinary","equipament","41.5576939","2.0940233","https://veterinariossabadell.es/ca/","+34 601 11 63 55","Mo-Fr 09:30-14:00, 17:00-19:30","OSM"
"452","rda. de Zamenhof","90-92","Patamic","pet","comerç","41.5509027","2.1010421","","","","OSM"
"452","rda. de Zamenhof","96-100","Artbo","cafe","equipament","41.5508197","2.100684","https://www.artbo.es/","+34 937 256 134","Mo-Sa 07:00-21:00; Su 08:00-21:00","OSM"
"452","rda. de Zamenhof","18-20","Centenari","cafe","equipament","41.5519392","2.1054601","https://www.centenari.es/es","+34 937 271 178","Mo-Su 07:00-21:00","OSM"
"637","c. de Sant Antoni Maria Claret","10","L'Obrador","cafe","equipament","41.546439","2.1096225","https://www.lobradordelmoli.com/","+34 937459494","Tu-Sa 07:30-21:00; Su 08:30-15:00","OSM"
"522","c. de les Tres Creus","86-88","Abacus Cooperativa","books","comerç","41.5458545","2.1128369","https://abacus.coop/","+34 937 27 01 64","Mo-Sa 09:30-21:00","OSM"
"522","c. de les Tres Creus","65-73","Llibreria Tècnica","books","comerç","41.5464232","2.1118531","https://llibreriatecnica.com/","+34 937 27 49 32","Mo-Sa 08:00-14:00, 16:30-20:30; Su 08:00-14:00","OSM"
"679","c. de la Rosa","20","Llibreria Macondo","books","comerç","41.5472615","2.1080755","https://macondo.amilibro.com","+34 931 46 11 88","Mo-Sa 10:00-20:30","OSM"
"536","pg. de Tirso de Molina","34","Canius","pet","comerç","41.5331306","2.1189119","http://canius.net","+34 623106868","Mo-Sa 10:00-20:00","OSM"
"1190","c. del Gironès","86","Mökki Tattoo Studio","tattoo","comerç","41.567245","2.0907933","https://mokkitattoostudio.com/","+34611159456","","OSM"
"1157","rbla. d' Ibèria","191","Ippon Motor Vallès","car_repair","comerç","41.5370613","2.0964769","https://ipponmotor.toyota.es/","+34 937271696","","OSM"
"1313","c. de l' Església","13","Canalla","restaurant","equipament","41.5469034","2.1083832","","+34 937484713","Mo-Fr 09:00-00:00; Sa-Su 09:00-00:00","OSM"
"1094","c. de Jovellanos","2","El Toc al 2","restaurant","equipament","41.5473602","2.1058422","","+34 930109843","Su-Th 07:00-23:00; Fr-Sa 07:00-00:00","OSM"
"1184","c. de Gràcia","1","Sandwichez","cafe","equipament","41.546808","2.1076919","https://www.sandwichez.com/","","Mo-Su 08:00-23:00","OSM"
"598","c. de Sant Vicenç","20","","restaurant","equipament","41.5531865","2.1029878","","","Mo-Su 13:00-16:00","OSM"
"1671","c. de la República","38","Kutxabank","bank","equipament","41.5459003","2.1110454","","","","OSM"
"617","c. de Sant Joan","23","Goiko Grill","restaurant","equipament","41.5476551","2.1097395","http://www.goiko.com/","+34 937377045","Mo-We 12:00-23:30; Th-Su 12:00-00:00","OSM"
"579","c. de la Serra d'en Camaró","20","Verín Los Cazadores","cafe","equipament","41.5552588","2.0883934","","","","OSM"
"579","c. de la Serra d'en Camaró","18","Bar Taparrica","cafe","equipament","41.5553071","2.08858","","","","OSM"
"579","c. de la Serra d'en Camaró","16","Peluquería Muntha","hairdresser","comerç","41.5553526","2.0887541","","","","OSM"
"569","c. de Sol i Padrís","2B","Exabase Systems","consulting","oficina","41.5410624","2.1167536","https://www.exabasesystems.com/","+34 931 577 355","","OSM"
"559","ptge. de Tàcit","10","Bar Rómulo","restaurant","equipament","41.5515725","2.0847707","","+34 635243997","","OSM"
"1511","c. dels Calders","32","Centre de Formació Cal Molins","government","oficina","41.5342991","2.1133652","https://www.vaporllonch.cat/","+34 93 745 32 23","Mo-Fr 09:00-14:00","OSM"
"1249","c. de la Font Nova","31","Restaurant Can Bigoti SBD","restaurant","equipament","41.5499234","2.1108836","","+34 615305731","Th-Su 09:00-16:00; Th-Sa 20:00-0:00","OSM"
"628","c. de Sant Ferran","229","Recanvis Gaudí","car_parts","comerç","41.5357603","2.0998104","","+34935222018","Mo-Fr 08:00-13:30, 15:00-19:00; Sa 09:00-13:00","OSM"
"522","c. de les Tres Creus","102","Institut Nexus","psychotherapist","salut","41.5460057","2.113111","https://institutnexus.com/","+34 931616039","","OSM"
"29412","pl. del Pla de l'Amor","2","Refugi climàtic Casal Cívic i Comunitari de Sabadell (Arraona / Els Merinals)","shelter","equipament","41.5423275","2.0906942","","","","OSM"
"1359","c. del Doctor Puig","16","Museu d'Art de Sabadell","museum","turisme","41.5488719","2.1093155","http://museus.sabadell.cat","","","OSM"
"815","c. del Pedregar","7","Casa Duran","museum","turisme","41.5468861","2.1095983","","","","OSM"
"542","ctra. de Terrassa","256","Bicisport Juanito","bicycle","comerç","41.5465295","2.0924474","","","","OSM"
"927","ctra. de Molins de Rei","101","Escola Teresa Claramunt","school","equipament","41.5399706","2.1003977","","+34 937263188","","OSM"
"469","c. de Viladomat","118","Institut Pau Vila","school","equipament","41.5393091","2.1015488","https://agora.xtec.cat/iespauvila/","+34937104112","","OSM"
"1456","pl. de Catalunya","17","Youme","restaurant","equipament","41.5493012","2.0982748","https://www.youmebcn.com/","+34 936 27 20 00","","OSM"
"780","pg. de la Plaça Major","1","Óptica Andorrana","optician","comerç","41.546913","2.1085349","https://www.optica-andorrana.com/","+34937250485","Mo-Fr 09:45-13:30; Sa 10:00-14:00; Mo-Sa 17:00-20:30","OSM"
"452","rda. de Zamenhof","147","Km 0","cafe","equipament","41.550333","2.0998391","","+34937272971","","OSM"
"1268","c. dels Filadors","28","Restaurant Viena Filadors","restaurant","equipament","41.5537021","2.098933","","","Su-Th 08:00-24:00; Fr-Sa 08:00-01:00","OSM"
"1006","c. de Manso","37","Llar d'Infants El Cavallet - Sabadell","kindergarten","equipament","41.5381701","2.1041345","","","Mo-Fr 07:00-19:30","OSM"
"1266","c. de Fiveller","50","Fruites i Verdures Rosario","greengrocer","comerç","41.5390841","2.1039361","https://fruitesrosario.com/","","Mo-Sa 08:00-20:00","OSM"
"1588","av. de Barberà","","AniCura","veterinary","equipament","41.5366781","2.1136351","","","","OSM"
"1182","pl. de Granados","1","Televisió Sabadell-Vallès","studio","equipament","41.5509811","2.1042507","https://tvsabadell-valles.cat/","","","OSM"
"1391","c. de Costa i Deu","133","Motor Munich Sabadell","car","comerç","41.5257541","2.0997217","","","","OSM"
"1559","c. de Bernat Metge","166","Flexicar Sabadell","car","comerç","41.5258846","2.1004057","","","","OSM"
"973","c. de Martínez de la Rosa","20","Audi Superwagen Sabadell","car","comerç","41.5272856","2.1033152","","","","OSM"
"619","c. de Sant Jaume","19","Mercat Negre","restaurant","equipament","41.5462089","2.1048576","","","","OSM"
"1512","c. de Calderón","33","Set & Set Home","interior_decoration","comerç","41.547881","2.1056101","https://setandsethome.com/","+34 931 91 75 10","","OSM"
"1359","c. del Doctor Puig","2","Tanins","restaurant","equipament","41.5484843","2.1095136","https://www.taninsabadell.com/","+34 606084927","We-Fr 19:00-24:00, Sa,Su 12:00-16:00,19:00-24:00","OSM"
"59818","c. de la Serra de Galliners","24","Obramat","doityourself","comerç","41.5179043","2.1001599","https://www.obramat.es/almacenes/obramat-sabadell.html","+34 937 48 39 59","Mo-Sa 07:00-21:00","OSM"
"1672","c. d' Alfons Sala","145","Cent 45","bar","equipament","41.5470092","2.1162524","","","","OSM"
"1672","c. d' Alfons Sala","151","Casa Nova","houseware","comerç","41.5463526","2.1165654","","","Mo-Sa 09:00-21:00","OSM"
"1672","c. d' Alfons Sala","147","Condis express","convenience","comerç","41.5466452","2.1164128","","","Mo-Su 09:00-22:00","OSM"
"841","c. del Papa Pius XI","130","Associació Catalana d'Esperanto","association","oficina","41.554058","2.1019797","https://www.esperanto.cat","+34 937 163 633","","OSM"
"756","ctra. de Prats de Lluçanès","42","El Tallaret","community_centre","equipament","41.5559426","2.1024879","https://eltallaret.cat","","","OSM"
"1391","c. de Costa i Deu","","Mercadillo de Sabadell","marketplace","equipament","41.5332476","2.0983957","https://mercadillos.org/mercadillo-sabadell","","Su 08:00-14:00","OSM"
"452","rda. de Zamenhof","153","CLINICFISIO Fisioteràpia i Osteopatia","hospital","equipament","41.5502449","2.0994157","https://fisioterapia-sabadell.com/","+34622499373","Mo-Su 07:30-21:00","OSM"
"738","c. de Puig i Cadafalch","1","Bocados de Placer Celeste","butcher","comerç","41.5379612","2.1081393","https://bocadosdeplacerpremium.com/","+34695810964","","OSM"
"621","c. de Sant Isidor","11","Mesón Bar Canon","restaurant","equipament","41.554812","2.0875791","","+34937232041","","OSM"
"1276","c. de Fernando Poo","34","Centro Galego Nós","community_centre","equipament","41.5468035","2.0863554","","+34937279264","","OSM"
"1536","c. de la Borriana","34","Restaurant Les Voltes de la Borriana","restaurant","equipament","41.5471527","2.109209","https://www.lesvoltesrestaurant.com/","+34937264053","Tu-Sa 13:00-15:30; Fr-Sa 20:30-23:00","OSM"
"542","ctra. de Terrassa","165","Recambios del Camión","car_parts","comerç","41.5448304","2.0981357","https://www.recambiosdelcamion.com/","+34 93 727 42 72","","OSM"
"1145","c. del Jardí","36","Restaurant La Cuina de l'Euterpe","restaurant","equipament","41.5454225","2.1114531","https://www.lacuinadeleuterpe.com/","","Fr-Su 13:30-16:00 Fr-Sa 20:45-00:00","OSM"
"1400","c. de Copenhaguen","235","Movident","dentist","equipament","41.558819","2.0794696","","","","OSM"
"657","c. de la Salut","19","Meditempus Ett","employment_agency","oficina","41.5499225","2.1089291","","+34 931 17 89 90","","OSM"
"1233","av. de Francesc Macià","54","One Day Bubble Tea","cafe","equipament","41.5535109","2.0985387","","","Mo-Sa 12:00-21:00; Su 15:30-20:00","OSM"
"59823","c. de la Vall Moranta","2","Gasolinera Shell","fuel","equipament","41.5141411","2.1054362","https://www.shell.es","","24/7","OSM"
"1184","c. de Gràcia","30","Buo Buo","tea","comerç","41.5477489","2.1071858","","+34 628 98 99 52","Mo-Su 15:00-21:00","OSM"
"780","pg. de la Plaça Major","12","Yessi Bubble Tea","tea","comerç","41.5471974","2.1090191","","+34 936 27 98 88","Mo-Sa 13:00-21:00; Su 16:30-21:00","OSM"
"452","rda. de Zamenhof","135","La Bella Italia","restaurant","equipament","41.5505226","2.100999","","","","OSM"
"1391","c. de Costa i Deu","87","Euromobility","car_repair","comerç","41.5292708","2.0992341","https://www.euromobility.com/","+34937101500","Mo-Th 08:15-14:00 15:00-18:00 Fr 09:00-14:00","OSM"
"59817","pg. de Sant Pau de Riu-sec","40,42,44","Tesla Barcelona-Sabadell","car","comerç","41.5152321","2.1067549","","+34 935 22 25 77","Mo-Sa 10:00-19:00","OSM"
"1433","c. de Clemència Isaura","7","Dianail's","beauty","comerç","41.5298751","2.116522","","+34677801057","","OSM"
"1184","c. de Gràcia","28 B","Cannabity Sabadell","cannabis","comerç","41.5485638","2.10644","https://cannabitysabadell.com/","+34640879627","","OSM"
"491","c. de les Valls","10","Trevisiol Abogados","lawyer","oficina","41.5491774","2.1078979","https:\\trevisiolabogados.com","+34 66301 14 63","Mo-Th 09:00-19:00","OSM"
"720","c. de Ramon Llull","74","Oscar Alquiler de Coches","car_rental","equipament","41.5331975","2.108421","https://oscar.es/sucursales/sabadell","","Mo-Fr 09:00-14:00, 15:30-20:00; Sa-Su 09:00-20:00","OSM"
"1512","c. de Calderón","56","Institut Escola Industrial","school","equipament","41.5480877","2.1046929","https://www.escolaindustrial.org/","","","OSM"
"601","pl. de Sant Roc","1","Ajuntament de Sabadell","townhall","equipament","41.5463232","2.1085299","https://web.sabadell.cat/","+34937453110","Mo-Fr 09:00-14:00, 16:00-20:00; PH off","OSM"
"1233","av. de Francesc Macià","58-60","El Corte Inglés","mall","comerç","41.5545574","2.0984793","https://www.elcorteingles.es","+34 937284800","Mo-Sa 09:30-21:30","OSM"
"1233","av. de Francesc Macià","70","Biking Point","bicycle","comerç","41.556808","2.0977933","","","","OSM"
"1587","ctra. de Barcelona","52","Parc de Bombers de Sabadell","fire_station","equipament","41.5422481","2.1037843","","","","OSM"
"896","c. de Muntaner","13-21","Escola Font Rosella","school","equipament","41.5593901","2.0937827","","","","OSM"
"679","c. de la Rosa","3","La Pasti","restaurant","equipament","41.5473393","2.1084213","https://www.instagram.com/lapasti_?igsh=MTd5Y3FnMzM1enBqdQ%3D%3D&utm_source=qr","+34931622646","mo-su 9:00-20:30","OSM"
"966","via de Massagué","","Farmàcia Blanchart","pharmacy","equipament","41.5509538","2.1073542","","","","OSM"
"1025","c. de la Lusitània","","CAE La Llar del Vent","social_centre","equipament","41.5599783","2.0910215","","","","OSM"
"993","c. de la Mare de les Aigües","2","Institut Ferran Casablancas","school","equipament","41.5611029","2.0912663","https://agora.xtec.cat/iescasablancas/","+34 937233850","","OSM"
"567","c. de la Solidaritat","17","CFA La Concòrdia","school","equipament","41.5612789","2.0933345","","","","OSM"
"861","rda. d' Orient","76","Funerària Torra","mortuary","equipament","41.541403","2.1217406","https://www.funerariatorra.com/","","","OSM"
"522","c. de les Tres Creus","127-129","Biblioteca Vapor Badia","library","equipament","41.5466182","2.1145932","https://www.sabadell.cat/ca/biblioteques/biblioteca-vapor-badia","+34937451703","","OSM"
"886","rda. de Navacerrada","","Biblioteca del Nord","library","equipament","41.5708791","2.091356","","+34 937 24 64 01","","OSM"
"756","ctra. de Prats de Lluçanès","401","Comissaria dels Mossos d'Esquadra a Sabadell","police","equipament","41.5637999","2.1004943","","","24/7","OSM"
"1025","c. de la Lusitània","3","Centre Civic de Concordia","community_centre","equipament","41.5584866","2.09412","","","Mo-Fr 08:30-20:00; Tu-Su 08:00-15:00; Sa 08:00-12:00","OSM"
"786","c. dels Pins","1","Escola Floresta","school","equipament","41.5756921","2.0893036","http://www.xtec.cat/ceipfloresta/","+34 93 716 83 51","","OSM"
"1185","c. de Goya","80-96","Escola Joan Sallarès i Pla","school","equipament","41.5247685","2.1103356","","","","OSM"
"1445","c. de Cervantes","87-101","Escola Miquel Martí i Pol","school","equipament","41.5404701","2.1077495","http://www.xtec.cat/centres/a8055889/","+34937260372","","OSM"
"1233","av. de Francesc Macià","13","Restaurant Pizzeria Viena","restaurant","equipament","41.5535665","2.0972745","https://www.viena.cat/","+34 937239964","Mo-Su 13:30-16:00,20:00-23:30","OSM"
"1233","av. de Francesc Macià","62","Gran Hotel Verdi","hotel","turisme","41.5557004","2.098055","http://www.hoteles-catalonia.com","+34 937231111","","OSM"
"1411","c. de Concha Espina","33","Institut Ribot i Serra","school","equipament","41.5259205","2.1119908","","","","OSM"
"1502","av. de Can Bordoll","92-94","Escola Agnès Armengol i Institut La Serra","school","equipament","41.5396547","2.1304272","https://agora.xtec.cat/ceiparmengol/;https://agora.xtec.cat/inslaserrasabadell/","+34 937 25 79 31;+34 937 46 71 05","","OSM"
"1458","c. de Castellar del Vallès","224","Casal Cívic i Comunitari Sabadell-Creu Alta","community_centre","equipament","41.5608373","2.1003664","","","","OSM"
"1256","c. d'en Font","25","L'Espai Cultura Fundació Sabadell 1859","community_centre","equipament","41.5469939","2.1059673","http://www.fundaciosabadell.cat/espai-cultura-fundacio-sabadell-1859/","+34 937286650","Tu-Fr 17:00-20:30; Sa 11:00-14:00,17:00-21:00; Su 11:00-14:00","OSM"
"937","ptge. de Miquel Carreras","21","LLI privada L'Escoleta Jaume Viladoms","kindergarten","equipament","41.5477582","2.093974","","","","OSM"
"506","c. de Valentí Almirall","76","Escola Catalunya","school","equipament","41.5489764","2.0961556","","","","OSM"
"506","c. de Valentí Almirall","40","Institut Vallès","school","equipament","41.5485224","2.0963356","https://agora.xtec.cat/iesvalles/","","","OSM"
"989","c. de Margenat","42","Bonpreu","supermarket","comerç","41.5460599","2.0976325","https://www.bonpreuesclat.cat/","+34 937 22 50 99","Mo-Su 09:00-21:30","OSM"
"727","av. de Rafael Casanova","22","Autospa","car_wash","equipament","41.5466989","2.095049","","","","OSM"
"542","ctra. de Terrassa","","Shell","fuel","equipament","41.5465688","2.0909125","https://www.disagrupo.es/estaciones/peninsula/90312/illa-sabadell","","Mo-Su 05:00-23:00","OSM"
"542","ctra. de Terrassa","","Mercadona","supermarket","comerç","41.5461224","2.0916084","https://www.mercadona.es","+34 937 27 39 04","","OSM"
"579","c. de la Serra d'en Camaró","19","Bar Elim","bar","equipament","41.5551515","2.0889148","","","","OSM"
"1593","c. de Balaguer","","Parròquia del Sagrat Cor","place_of_worship","equipament","41.5639529","2.0917224","","","","OSM"
"1494","pg. de Can Feu","68-80","Lidl","supermarket","comerç","41.5419869","2.0931523","https://lidl.es","+34 900 958 311","Mo-Sa 09:00-21:00","OSM"
"1494","pg. de Can Feu","7","Opel Sauter Sabadell Concessionari Oficial OPEL","car","comerç","41.545305","2.0946687","","","","OSM"
"1150","c. d' Irlanda","2","Mercat Municipal Els Merinals","marketplace","equipament","41.5472206","2.0841806","","+34 937 25 47 95","","OSM"
"1076","c. de La Palma","14","CEE Francesc Bellapart","school","equipament","41.5467476","2.0848828","","+34 937 45 13 36","","OSM"
"39024","c. de Finlàndia","","Escola Cifuentes","school","equipament","41.5483142","2.0816029","","","","OSM"
"979","c. del Marquès de Comillas","67","Serveis Territorials d'Educació al Vallès Occidental","government","oficina","41.5430341","2.1167203","","","Mo-Fr 09:00-14:00","OSM"
"1429","rda. de Collsalarca","","Sabadell Gent Gran","social_facility","equipament","41.5699391","2.0878002","","","","OSM"
"45255","pl. d' Ovidi Montllor","5","Biblioteca de Ponent","library","equipament","41.5562056","2.0890064","","","Mo 16:00-21:00; Tu 10:00-21:00; We 16:00-21:00; Th 16:00-21:00; Fr 16:00-21:00; Sa 10:00-14:00; Su off","OSM"
"1593","c. de Balaguer","","Escola Miquel Carreras","school","equipament","41.5641724","2.0932565","","","","OSM"
"638","c. de Sant Antoni","13","Museu d'Història de Sabadell","museum","turisme","41.5480059","2.1079134","http://museus.sabadell.cat/museu-historia","+34937278555","","OSM"
"690","c. de Rocafort","38","Gasoils Rovira","fuel","equipament","41.5367922","2.0977784","","","","OSM"
"1389","c. de Costabona","","Casal de Gent Gran Sabadell-Roureda","social_facility","equipament","41.5701139","2.0817919","","","","OSM"
"831","c. del Pare Sallarès","2","Centre Mèdic Sabadell","clinic","equipament","41.5492422","2.1064472","","+34 93 726 55 00","Mo-Fr 08:00-21:00; Sa 09:00-21:00","OSM"
"1145","c. del Jardí","72-80","Claret","school","equipament","41.5453585","2.1120863","","","","OSM"
"927","ctra. de Molins de Rei","33","Venus Sabadell","brothel","equipament","41.5426086","2.1025794","https://www.relaxvenus.com/","+34 93 546 90 10;+34 670 243 552","24/7","OSM"
"1512","c. de Calderón","143","Escola Nostra Llar","school","equipament","41.5463269","2.1004523","https://agora.xtec.cat/ceip-nostra-llar/","","","OSM"
"496","pl. del Vallès","5","La República","bar","equipament","41.5460266","2.1024015","","","Fr-Su 20:00-03:00","OSM"
"1025","c. de la Lusitània","115","Escola Concòrdia","school","equipament","41.5611312","2.0888645","","+34 937162751","","OSM"
"1559","c. de Bernat Metge","140","Andrés Maldonado, S.A.","key_cutter","taller","41.5274328","2.1019222","https://maldonado.es/","+34935220101","","OSM"
"494","c. de Vallirana","14","Escola Torreguitart","school","equipament","41.5634842","2.0984447","https://agora.xtec.cat/esc-torreguitart/","","","OSM"
"1563","c. de Berlín","2","Institut Escola Virolet","school","equipament","41.5586462","2.0807269","http://virolet.cat","","","OSM"
"23548","c. de Viena","1","Escola Mas Boadella","school","equipament","41.5589617","2.0805374","","","","OSM"
"514","c. de la Unió","183","foc de llenya","food","comerç","41.549854","2.1004623","","+34 937 27 24 57","Fr-Sa 11:00-15:00; Su 11:00-15:30","OSM"
"516","c. de Turina","11","Escola Taller Xalest","school","equipament","41.5492591","2.0831599","https://xalest.com/","+34 937 260 152","","OSM"
"1559","c. de Bernat Metge","197","Petroprix Sabadell","fuel","equipament","41.5287276","2.1024144","","","24/7","OSM"
"825","av. de la Pau","120","Complex Central dels Mossos d'Esquadra - Egara","police","equipament","41.5542117","2.0673343","","","","OSM"